{
  "optimal_threshold": 0.61,
  "f1_score": 0.8388375165125496,
  "roc_auc": 0.985597542535751,
  "pr_auc": 0.9119794538382124
}